type,url
products,https://www.truegritin.com/product/organic-kathiya-wheat
products,https://www.truegritin.com/product/black-gram-whole
products,https://www.truegritin.com/product/banshi-wheat-flour
products,https://www.truegritin.com/product/black-gram-besan
products,https://www.truegritin.com/product/black-gram-broken-dal
products,https://www.truegritin.com/product/black-gram-sattu
products,https://www.truegritin.com/product/black-mustard-oil
products,https://www.truegritin.com/product/daliya-banshi-wheat
products,https://www.truegritin.com/product/daliya-kathiya-wheat
products,https://www.truegritin.com/product/daliya-paigambari-wheat
products,https://www.truegritin.com/product/field-pea-white
products,https://www.truegritin.com/product/kathiya-wheat-flour
products,https://www.truegritin.com/product/linseed-flax-seed-oil
products,https://www.truegritin.com/product/organic-banshi-wheat-flour
products,https://www.truegritin.com/product/organic-black-gram-besan
products,https://www.truegritin.com/product/organic-black-gram-broken-dal
products,https://www.truegritin.com/product/organic-black-gram-sattu
products,https://www.truegritin.com/product/organic-black-gram-whole
products,https://www.truegritin.com/product/organic-black-mustard-oil
products,https://www.truegritin.com/product/organic-daliya-banshi-wheat
products,https://www.truegritin.com/product/organic-daliya-kathiya-wheat
products,https://www.truegritin.com/product/organic-daliya-paigambari-wheat
products,https://www.truegritin.com/product/organic-field-pea-white
products,https://www.truegritin.com/product/organic-kathiya-wheat-flour
products,https://www.truegritin.com/product/organic-linseed-flax-seed-oil
products,https://www.truegritin.com/product/organic-paigambari-wheat-flour
products,https://www.truegritin.com/product/organic-pasta-banshi-wheat
products,https://www.truegritin.com/product/organic-pasta-kathiya-wheat
products,https://www.truegritin.com/product/organic-pasta-paigambari-wheat
products,https://www.truegritin.com/product/organic-plain-flax-seed
products,https://www.truegritin.com/product/organic-red-lentils-broken
products,https://www.truegritin.com/product/organic-red-lentils-whole
products,https://www.truegritin.com/product/organic-roasted-flax-seeds
products,https://www.truegritin.com/product/organic-roasted-sesame-seeds
products,https://www.truegritin.com/product/organic-semolina-banshi-wheat
products,https://www.truegritin.com/product/organic-semolina-kathiya-wheat
products,https://www.truegritin.com/product/organic-semolina-paigambari-wheat
products,https://www.truegritin.com/product/organic-sesame-oil
products,https://www.truegritin.com/product/organic-sesame-seed
products,https://www.truegritin.com/product/organic-vermicelli-banshi-wheat
products,https://www.truegritin.com/product/organic-vermicelli-kathiya-wheat
products,https://www.truegritin.com/product/organic-vermicelli-paigambari-wheat
products,https://www.truegritin.com/product/organic-yellow-mustard-oil
products,https://www.truegritin.com/product/paigambari-wheat-flour
products,https://www.truegritin.com/product/pasta-banshi-wheat
products,https://www.truegritin.com/product/pasta-kathiya-wheat
products,https://www.truegritin.com/product/pasta-paigambari-wheat
products,https://www.truegritin.com/product/plain-flax-seed
products,https://www.truegritin.com/product/red-lentils-broken
products,https://www.truegritin.com/product/red-lentils-whole
products,https://www.truegritin.com/product/roasted-flax-seeds
products,https://www.truegritin.com/product/roasted-sesame-seeds
products,https://www.truegritin.com/product/semolina-banshi-wheat
products,https://www.truegritin.com/product/semolina-kathiya-wheat
products,https://www.truegritin.com/product/semolina-paigambari-wheat
products,https://www.truegritin.com/product/sesame-oil
products,https://www.truegritin.com/product/sesame-seed
products,https://www.truegritin.com/product/vermicelli-banshi-wheat
products,https://www.truegritin.com/product/vermicelli-kathiya-wheat
products,https://www.truegritin.com/product/vermicelli-paigambari-wheat
products,https://www.truegritin.com/product/yellow-mustard-oil
categories,https://www.truegritin.com/category/black-gram
categories,https://www.truegritin.com/category/daliya
categories,https://www.truegritin.com/category/oils
categories,https://www.truegritin.com/category/red-lentils
categories,https://www.truegritin.com/category/seeds
categories,https://www.truegritin.com/category/semolina
categories,https://www.truegritin.com/category/wheat-flour
categories,https://www.truegritin.com/category/white-field-peas
categories,https://www.truegritin.com/category/whole-wheat-pasta
categories,https://www.truegritin.com/category/whole-wheat-vermicelli
pages,https://www.truegritin.com/
pages,https://www.truegritin.com/shop
pages,https://www.truegritin.com/seasonal
pages,https://www.truegritin.com/farms
pages,https://www.truegritin.com/recipes
pages,https://www.truegritin.com/blog
pages,https://www.truegritin.com/community
pages,https://www.truegritin.com/contact
blog,https://www.truegritin.com/blog/a-complete-guide-to-true-grit-s-organic-product-range
blog,https://www.truegritin.com/blog/ancient-wheat-vs-modern-wheat-what-actually-changes
blog,https://www.truegritin.com/blog/banshi-vs-paigambari-wheat
blog,https://www.truegritin.com/blog/banshi-wheat-daliya-taste-and-uses
blog,https://www.truegritin.com/blog/banshi-wheat-pasta-taste-and-texture-guide
blog,https://www.truegritin.com/blog/banshi-wheat-semolina-explained
blog,https://www.truegritin.com/blog/banshi-wheat-vermicelli-explained
blog,https://www.truegritin.com/blog/banshi-wheat-vs-regular-wheat
blog,https://www.truegritin.com/blog/beginner-s-guide-to-seeds-in-indian-cooking
blog,https://www.truegritin.com/blog/best-wheat-flour-for-paratha
blog,https://www.truegritin.com/blog/best-wheat-flour-for-soft-rotis
blog,https://www.truegritin.com/blog/best-wheat-for-daliya
blog,https://www.truegritin.com/blog/best-wheat-variety-for-chapati
blog,https://www.truegritin.com/blog/black-gram-besan-chilla
blog,https://www.truegritin.com/blog/black-gram-besan-vs-chickpea-besan
blog,https://www.truegritin.com/blog/black-gram-sattu-drink
blog,https://www.truegritin.com/blog/black-gram-sattu-paratha
blog,https://www.truegritin.com/blog/black-gram-sattu-vs-chana-sattu
blog,https://www.truegritin.com/blog/black-gram-vs-chickpea
blog,https://www.truegritin.com/blog/black-gram-vs-green-gram
blog,https://www.truegritin.com/blog/black-gram-vs-urad-dal
blog,https://www.truegritin.com/blog/black-mustard-oil-vs-yellow-mustard-oil
blog,https://www.truegritin.com/blog/black-mustard-vs-yellow-mustard-seeds
blog,https://www.truegritin.com/blog/black-vs-yellow-mustard-oil
blog,https://www.truegritin.com/blog/can-flaxseed-oil-be-used-for-high-heat-cooking
blog,https://www.truegritin.com/blog/chakki-atta-vs-packaged-atta-understanding-the-difference
blog,https://www.truegritin.com/blog/cold-pressed-flaxseed-oil-explained
blog,https://www.truegritin.com/blog/cold-pressed-mustard-oil-vs-refined-mustard-oil
blog,https://www.truegritin.com/blog/cold-pressed-sesame-oil-explained
blog,https://www.truegritin.com/blog/common-myths-about-organic-food
blog,https://www.truegritin.com/blog/complete-guide-to-soaking-indian-pulses
blog,https://www.truegritin.com/blog/cooking-oil-smoke-points-explained
blog,https://www.truegritin.com/blog/daliya-vs-broken-wheat
blog,https://www.truegritin.com/blog/daliya-vs-oats
blog,https://www.truegritin.com/blog/daliya-vs-oats-what-s-the-difference
blog,https://www.truegritin.com/blog/daliya-vs-semolina
blog,https://www.truegritin.com/blog/daliya-vs-suji
blog,https://www.truegritin.com/blog/do-white-peas-need-soaking
blog,https://www.truegritin.com/blog/does-freshly-milled-atta-make-better-rotis
blog,https://www.truegritin.com/blog/does-mustard-oil-expire
blog,https://www.truegritin.com/blog/does-organic-automatically-mean-chemical-free
blog,https://www.truegritin.com/blog/essential-organic-staples-for-an-indian-kitchen
blog,https://www.truegritin.com/blog/field-peas-vs-chickpeas
blog,https://www.truegritin.com/blog/field-peas-vs-green-peas
blog,https://www.truegritin.com/blog/field-peas-vs-white-peas
blog,https://www.truegritin.com/blog/five-easy-flaxseed-breakfast-ideas
blog,https://www.truegritin.com/blog/five-easy-masoor-dal-meals
blog,https://www.truegritin.com/blog/five-indian-style-pasta-recipes
blog,https://www.truegritin.com/blog/five-ways-to-use-daliya-beyond-breakfast
blog,https://www.truegritin.com/blog/flax-seeds-vs-chia-seeds
blog,https://www.truegritin.com/blog/flax-seeds-vs-sesame-seeds
blog,https://www.truegritin.com/blog/flax-seeds-vs-sesame-seeds-2
blog,https://www.truegritin.com/blog/flaxseed-oil-vs-mustard-oil
blog,https://www.truegritin.com/blog/flaxseed-oil-vs-sesame-oil
blog,https://www.truegritin.com/blog/flaxseed-raita-topping
blog,https://www.truegritin.com/blog/flaxseed-vs-linseed-are-they-the-same-thing
blog,https://www.truegritin.com/blog/forgotten-indian-grains-and-pulses-worth-rediscovering
blog,https://www.truegritin.com/blog/from-farm-to-flour-how-true-grit-products-are-made
blog,https://www.truegritin.com/blog/from-seed-to-shelf-the-true-grit-food-journey
blog,https://www.truegritin.com/blog/golden-vs-brown-flax-seeds
blog,https://www.truegritin.com/blog/guide-to-indian-lentils-and-pulses
blog,https://www.truegritin.com/blog/guide-to-indian-whole-grains
blog,https://www.truegritin.com/blog/guide-to-traditional-indian-cooking-oils
blog,https://www.truegritin.com/blog/how-flour-particle-size-affects-roti-texture
blog,https://www.truegritin.com/blog/how-is-flaxseed-oil-made
blog,https://www.truegritin.com/blog/how-is-traditional-wheat-daliya-made
blog,https://www.truegritin.com/blog/how-long-should-daliya-be-soaked
blog,https://www.truegritin.com/blog/how-long-should-masoor-dal-be-soaked
blog,https://www.truegritin.com/blog/how-long-should-whole-wheat-pasta-be-boiled
blog,https://www.truegritin.com/blog/how-much-atta-does-a-family-need-per-month
blog,https://www.truegritin.com/blog/how-much-water-should-you-use-for-dal
blog,https://www.truegritin.com/blog/how-organic-certification-works-in-india
blog,https://www.truegritin.com/blog/how-organic-products-are-traced-from-farm-to-pack
blog,https://www.truegritin.com/blog/how-red-lentils-are-processed
blog,https://www.truegritin.com/blog/how-rural-self-help-groups-support-local-food-production
blog,https://www.truegritin.com/blog/how-sesame-oil-is-traditionally-made
blog,https://www.truegritin.com/blog/how-to-add-flax-seeds-to-indian-meals
blog,https://www.truegritin.com/blog/how-to-build-a-traditional-indian-pantry
blog,https://www.truegritin.com/blog/how-to-choose-between-flour-daliya-semolina-pasta-and-vermicelli
blog,https://www.truegritin.com/blog/how-to-choose-wheat-flour-for-your-family
blog,https://www.truegritin.com/blog/how-to-cook-daliya-without-making-it-mushy
blog,https://www.truegritin.com/blog/how-to-cook-dried-white-peas
blog,https://www.truegritin.com/blog/how-to-cook-every-type-of-dal
blog,https://www.truegritin.com/blog/how-to-cook-masoor-dal
blog,https://www.truegritin.com/blog/how-to-cook-whole-wheat-pasta-properly
blog,https://www.truegritin.com/blog/how-to-grind-flax-seeds-at-home
blog,https://www.truegritin.com/blog/how-to-identify-good-quality-pulses
blog,https://www.truegritin.com/blog/how-to-identify-good-quality-whole-wheat-flour
blog,https://www.truegritin.com/blog/how-to-identify-pure-mustard-oil
blog,https://www.truegritin.com/blog/how-to-prevent-vermicelli-from-becoming-sticky
blog,https://www.truegritin.com/blog/how-to-read-an-organic-food-label
blog,https://www.truegritin.com/blog/how-to-roast-flax-seeds
blog,https://www.truegritin.com/blog/how-to-store-cold-pressed-oils
blog,https://www.truegritin.com/blog/how-to-store-dried-field-peas
blog,https://www.truegritin.com/blog/how-to-store-flaxseed-oil
blog,https://www.truegritin.com/blog/how-to-store-flour-in-indian-weather
blog,https://www.truegritin.com/blog/how-to-store-lentils-for-long-periods
blog,https://www.truegritin.com/blog/how-to-store-mustard-oil
blog,https://www.truegritin.com/blog/how-to-store-organic-wheat-flour-correctly
blog,https://www.truegritin.com/blog/how-to-store-pulses-without-insects
blog,https://www.truegritin.com/blog/how-to-store-semolina-properly
blog,https://www.truegritin.com/blog/how-to-store-sesame-oil
blog,https://www.truegritin.com/blog/how-to-store-urad-dal
blog,https://www.truegritin.com/blog/how-to-use-flaxseed-oil-in-food
blog,https://www.truegritin.com/blog/how-to-use-sesame-oil-in-indian-cooking
blog,https://www.truegritin.com/blog/how-to-verify-organic-food-certification-in-india
blog,https://www.truegritin.com/blog/how-traditional-mustard-oil-is-made
blog,https://www.truegritin.com/blog/how-traditional-wheat-semolina-is-made
blog,https://www.truegritin.com/blog/how-urad-dal-is-traditionally-processed
blog,https://www.truegritin.com/blog/how-wheat-variety-changes-the-taste-of-your-roti
blog,https://www.truegritin.com/blog/kachi-ghani-mustard-oil-explained
blog,https://www.truegritin.com/blog/kathiya-vs-banshi-vs-paigambari-daliya
blog,https://www.truegritin.com/blog/kathiya-vs-banshi-vs-paigambari-pasta
blog,https://www.truegritin.com/blog/kathiya-vs-banshi-vs-paigambari-wheat
blog,https://www.truegritin.com/blog/kathiya-vs-banshi-vs-paigambari-wheat-complete-comparison
blog,https://www.truegritin.com/blog/kathiya-vs-banshi-wheat
blog,https://www.truegritin.com/blog/kathiya-vs-paigambari-wheat
blog,https://www.truegritin.com/blog/kathiya-wheat-daliya-taste-and-uses
blog,https://www.truegritin.com/blog/kathiya-wheat-pasta-what-makes-it-different
blog,https://www.truegritin.com/blog/kathiya-wheat-semolina-explained
blog,https://www.truegritin.com/blog/kathiya-wheat-vermicelli-explained
blog,https://www.truegritin.com/blog/kathiya-wheat-vs-regular-wheat-what-s-the-difference
blog,https://www.truegritin.com/blog/know-your-farmer-why-food-provenance-matters
blog,https://www.truegritin.com/blog/know-your-grain-a-beginner-s-guide-to-traditional-indian-wheat
blog,https://www.truegritin.com/blog/know-your-oil-a-guide-to-traditional-cold-pressed-oils
blog,https://www.truegritin.com/blog/know-your-pulse-a-guide-to-indian-pulses-and-lentils
blog,https://www.truegritin.com/blog/makar-sankranti-and-sesame-the-food-tradition-behind-til
blog,https://www.truegritin.com/blog/masoor-dal-khichdi
blog,https://www.truegritin.com/blog/masoor-dal-vs-moong-dal
blog,https://www.truegritin.com/blog/medu-vada-using-urad-dal
blog,https://www.truegritin.com/blog/meet-banshi-wheat-from-farm-to-your-kitchen
blog,https://www.truegritin.com/blog/meet-black-gram-from-farm-to-dal-sattu-and-besan
blog,https://www.truegritin.com/blog/meet-black-mustard-from-seed-to-oil
blog,https://www.truegritin.com/blog/meet-flax-from-farm-to-seed-and-oil
blog,https://www.truegritin.com/blog/meet-kathiya-wheat-from-farm-to-your-kitchen
blog,https://www.truegritin.com/blog/meet-masoor-from-farm-to-lentil
blog,https://www.truegritin.com/blog/meet-paigambari-wheat-from-farm-to-your-kitchen
blog,https://www.truegritin.com/blog/meet-sesame-from-farm-to-seed-and-oil
blog,https://www.truegritin.com/blog/meet-the-people-behind-your-food
blog,https://www.truegritin.com/blog/meet-white-field-pea-from-farm-to-kitchen
blog,https://www.truegritin.com/blog/meet-yellow-mustard-from-seed-to-oil
blog,https://www.truegritin.com/blog/mustard-oil-vs-flaxseed-oil
blog,https://www.truegritin.com/blog/mustard-oil-vs-sesame-oil
blog,https://www.truegritin.com/blog/one-pot-masala-daliya
blog,https://www.truegritin.com/blog/organic-certification-vs-homemade-natural-products
blog,https://www.truegritin.com/blog/organic-vs-conventional-farming
blog,https://www.truegritin.com/blog/organic-vs-natural-what-s-the-difference
blog,https://www.truegritin.com/blog/paigambari-wheat-daliya-taste-and-uses
blog,https://www.truegritin.com/blog/paigambari-wheat-pasta-explained
blog,https://www.truegritin.com/blog/paigambari-wheat-semolina-explained
blog,https://www.truegritin.com/blog/paigambari-wheat-vermicelli-explained
blog,https://www.truegritin.com/blog/paigambari-wheat-vs-modern-wheat-varieties
blog,https://www.truegritin.com/blog/preserving-traditional-indian-grain-varieties
blog,https://www.truegritin.com/blog/ragda-using-white-peas
blog,https://www.truegritin.com/blog/raw-vs-roasted-flax-seeds
blog,https://www.truegritin.com/blog/raw-vs-roasted-sesame-seeds
blog,https://www.truegritin.com/blog/red-lentils-vs-yellow-dal
blog,https://www.truegritin.com/blog/roasted-vs-raw-flax-seeds
blog,https://www.truegritin.com/blog/roasted-vs-raw-sesame-seeds
blog,https://www.truegritin.com/blog/sarson-based-indian-cooking-guide
blog,https://www.truegritin.com/blog/sattu-vs-besan-what-s-the-difference
blog,https://www.truegritin.com/blog/savoury-sattu-drink
blog,https://www.truegritin.com/blog/seasonal-variation-in-organic-foods-explained
blog,https://www.truegritin.com/blog/semolina-pasta-how-it-is-different
blog,https://www.truegritin.com/blog/semolina-vs-daliya
blog,https://www.truegritin.com/blog/semolina-vs-suji-are-they-the-same
blog,https://www.truegritin.com/blog/semolina-vs-wheat-flour
blog,https://www.truegritin.com/blog/sesame-oil-vs-flaxseed-oil
blog,https://www.truegritin.com/blog/sesame-oil-vs-groundnut-oil
blog,https://www.truegritin.com/blog/sesame-oil-vs-mustard-oil
blog,https://www.truegritin.com/blog/sesame-seed-salad-toppings
blog,https://www.truegritin.com/blog/sesame-seeds-vs-flax-seeds
blog,https://www.truegritin.com/blog/simple-tomato-whole-wheat-pasta
blog,https://www.truegritin.com/blog/stone-ground-vs-roller-milled-wheat-flour
blog,https://www.truegritin.com/blog/the-journey-of-mustard-seed-from-farm-to-oil
blog,https://www.truegritin.com/blog/the-journey-of-sesame-seed-from-farm-to-oil
blog,https://www.truegritin.com/blog/the-journey-of-urad-from-whole-gram-to-dal-sattu-and-besan
blog,https://www.truegritin.com/blog/the-journey-of-wheat-from-farm-to-atta
blog,https://www.truegritin.com/blog/the-role-of-village-women-in-traditional-food-processing
blog,https://www.truegritin.com/blog/traditional-dal-makhani-using-whole-black-gram
blog,https://www.truegritin.com/blog/traditional-food-processing-vs-industrial-processing
blog,https://www.truegritin.com/blog/traditional-indian-daliya-breakfast-ideas
blog,https://www.truegritin.com/blog/traditional-indian-foods-cooked-in-mustard-oil
blog,https://www.truegritin.com/blog/traditional-indian-uses-of-til
blog,https://www.truegritin.com/blog/traditional-indian-wheat-pasta-a-new-take-on-an-old-grain
blog,https://www.truegritin.com/blog/traditional-indian-white-pea-recipes
blog,https://www.truegritin.com/blog/traditional-urad-papad
blog,https://www.truegritin.com/blog/traditional-wheat-varieties-of-india-you-should-know-about
blog,https://www.truegritin.com/blog/types-of-sesame-seeds-explained
blog,https://www.truegritin.com/blog/urad-besan-vs-chana-besan
blog,https://www.truegritin.com/blog/urad-dal-chilla
blog,https://www.truegritin.com/blog/urad-dal-dosa-batter-guide
blog,https://www.truegritin.com/blog/urad-dal-khichdi
blog,https://www.truegritin.com/blog/urad-dal-tadka
blog,https://www.truegritin.com/blog/urad-dal-vada
blog,https://www.truegritin.com/blog/urad-sattu-vs-chana-sattu
blog,https://www.truegritin.com/blog/what-are-flax-seeds
blog,https://www.truegritin.com/blog/what-are-red-lentils
blog,https://www.truegritin.com/blog/what-are-self-help-groups-shgs
blog,https://www.truegritin.com/blog/what-are-sesame-seeds
blog,https://www.truegritin.com/blog/what-are-white-field-peas
blog,https://www.truegritin.com/blog/what-does-100-organic-mean
blog,https://www.truegritin.com/blog/what-does-fssai-certification-mean
blog,https://www.truegritin.com/blog/what-does-organic-food-actually-mean
blog,https://www.truegritin.com/blog/what-does-the-jaivik-bharat-logo-mean
blog,https://www.truegritin.com/blog/what-is-banshi-wheat-a-complete-guide
blog,https://www.truegritin.com/blog/what-is-black-gram
blog,https://www.truegritin.com/blog/what-is-black-gram-besan
blog,https://www.truegritin.com/blog/what-is-black-gram-sattu
blog,https://www.truegritin.com/blog/what-is-black-mustard-oil
blog,https://www.truegritin.com/blog/what-is-daliya
blog,https://www.truegritin.com/blog/what-is-flaxseed-oil
blog,https://www.truegritin.com/blog/what-is-jaivik-bharat
blog,https://www.truegritin.com/blog/what-is-kathiya-wheat-origin-taste-texture-and-uses
blog,https://www.truegritin.com/blog/what-is-paigambari-wheat-everything-you-need-to-know
blog,https://www.truegritin.com/blog/what-is-semolina
blog,https://www.truegritin.com/blog/what-is-whole-wheat-pasta
blog,https://www.truegritin.com/blog/what-is-whole-wheat-vermicelli
blog,https://www.truegritin.com/blog/what-is-yellow-mustard-oil
blog,https://www.truegritin.com/blog/what-made-to-order-food-actually-means
blog,https://www.truegritin.com/blog/what-oil-should-you-use-for-different-indian-dishes
blog,https://www.truegritin.com/blog/wheat-pasta-vs-regular-pasta
blog,https://www.truegritin.com/blog/wheat-vermicelli-vs-rice-vermicelli
blog,https://www.truegritin.com/blog/wheat-vermicelli-vs-rice-vermicelli-2
blog,https://www.truegritin.com/blog/which-mustard-oil-should-you-use-for-cooking
blog,https://www.truegritin.com/blog/which-pulses-need-overnight-soaking
blog,https://www.truegritin.com/blog/which-semolina-is-best-for-upma
blog,https://www.truegritin.com/blog/which-suji-is-best-for-halwa
blog,https://www.truegritin.com/blog/which-wheat-is-best-for-pasta
blog,https://www.truegritin.com/blog/which-wheat-variety-has-the-most-distinctive-flavour
blog,https://www.truegritin.com/blog/whole-masoor-curry
blog,https://www.truegritin.com/blog/whole-masoor-vs-split-masoor
blog,https://www.truegritin.com/blog/whole-masoor-vs-split-masoor-dal
blog,https://www.truegritin.com/blog/whole-pulse-vs-dal-vs-flour
blog,https://www.truegritin.com/blog/whole-urad-vs-split-urad-dal
blog,https://www.truegritin.com/blog/whole-urad-vs-urad-dal
blog,https://www.truegritin.com/blog/whole-vs-ground-flax-seeds
blog,https://www.truegritin.com/blog/whole-vs-split-lentils
blog,https://www.truegritin.com/blog/whole-wheat-flour-vs-refined-flour
blog,https://www.truegritin.com/blog/whole-wheat-pasta-vs-regular-pasta
blog,https://www.truegritin.com/blog/whole-wheat-vermicelli-vs-maida-vermicelli
blog,https://www.truegritin.com/blog/why-cold-pressed-oils-develop-sediment
blog,https://www.truegritin.com/blog/why-colour-varies-between-mustard-oils
blog,https://www.truegritin.com/blog/why-flaxseed-oil-needs-careful-storage
blog,https://www.truegritin.com/blog/why-freshly-ground-wheat-flour-tastes-different
blog,https://www.truegritin.com/blog/why-hand-processing-still-matters
blog,https://www.truegritin.com/blog/why-local-grain-biodiversity-matters
blog,https://www.truegritin.com/blog/why-mustard-oil-has-such-a-strong-aroma
blog,https://www.truegritin.com/blog/why-mustard-oil-sometimes-looks-cloudy
blog,https://www.truegritin.com/blog/why-natural-foods-don-t-always-look-uniform
blog,https://www.truegritin.com/blog/why-organic-food-may-look-different-from-conventional-produce
blog,https://www.truegritin.com/blog/why-organic-product-colour-can-vary-between-batches
blog,https://www.truegritin.com/blog/why-organic-products-can-cost-more
blog,https://www.truegritin.com/blog/why-sesame-is-important-in-indian-food-traditions
blog,https://www.truegritin.com/blog/why-sesame-oil-has-a-distinct-aroma
blog,https://www.truegritin.com/blog/why-small-batch-food-may-vary-between-batches
blog,https://www.truegritin.com/blog/why-traceability-matters-in-food
blog,https://www.truegritin.com/blog/why-traditional-food-processing-deserves-a-comeback
blog,https://www.truegritin.com/blog/why-traditional-indian-wheat-varieties-are-making-a-comeback
blog,https://www.truegritin.com/blog/why-we-produce-many-foods-in-small-batches
blog,https://www.truegritin.com/blog/why-wheat-flour-goes-rancid-and-how-to-prevent-it
blog,https://www.truegritin.com/blog/why-whole-wheat-pasta-sometimes-feels-hard
recipes,https://www.truegritin.com/recipes/american-cornbread-style-semolina-loaf
recipes,https://www.truegritin.com/recipes/argentinian-sesame-chimichurri
recipes,https://www.truegritin.com/recipes/armenian-lentil-bulgur-style-pilaf
recipes,https://www.truegritin.com/recipes/australian-damper-style-sesame-bread
recipes,https://www.truegritin.com/recipes/brazilian-black-eyed-pea-acaraje-style
recipes,https://www.truegritin.com/recipes/brazilian-sesame-farofa-style-topping
recipes,https://www.truegritin.com/recipes/british-oat-style-daliya-flapjack
recipes,https://www.truegritin.com/recipes/burmese-sesame-oil-thoke-style-salad
recipes,https://www.truegritin.com/recipes/caribbean-lentil-rice-and-peas-style
recipes,https://www.truegritin.com/recipes/caribbean-sesame-seed-cake
recipes,https://www.truegritin.com/recipes/chinese-lentil-congee
recipes,https://www.truegritin.com/recipes/chinese-sesame-flax-tang-yuan-style
recipes,https://www.truegritin.com/recipes/chinese-sesame-noodles-cold
recipes,https://www.truegritin.com/recipes/chinese-sesame-oil-pulse-stir-fry
recipes,https://www.truegritin.com/recipes/colombian-lentil-sesame-empanada-filling
recipes,https://www.truegritin.com/recipes/cracked-wheat-tabbouleh
recipes,https://www.truegritin.com/recipes/danish-rye-style-sesame-seed-loaf
recipes,https://www.truegritin.com/recipes/durum-pasta-slow-tomato-basil
recipes,https://www.truegritin.com/recipes/egyptian-koshari-style-lentil-pasta
recipes,https://www.truegritin.com/recipes/egyptian-sesame-tahini-halawa-dip
recipes,https://www.truegritin.com/recipes/emmer-pasta-aglio-e-olio
recipes,https://www.truegritin.com/recipes/emmer-pasta-cacio-e-pepe
recipes,https://www.truegritin.com/recipes/ethiopian-injera-style-daliya-flatbread
recipes,https://www.truegritin.com/recipes/ethiopian-lentil-misir-wot
recipes,https://www.truegritin.com/recipes/filipino-sesame-daliya-lugaw
recipes,https://www.truegritin.com/recipes/french-lentil-salad-mustard-dressing
recipes,https://www.truegritin.com/recipes/french-sesame-sable-biscuits
recipes,https://www.truegritin.com/recipes/georgian-sesame-walnut-daliya-mchadi
recipes,https://www.truegritin.com/recipes/german-lentil-eintopf
recipes,https://www.truegritin.com/recipes/german-sesame-pretzel-style-rolls
recipes,https://www.truegritin.com/recipes/german-sesame-red-lentil-frikadellen
recipes,https://www.truegritin.com/recipes/ghanaian-sesame-daliya-jollof-style
recipes,https://www.truegritin.com/recipes/gomashio-sesame-dressing
recipes,https://www.truegritin.com/recipes/greek-lentil-soup-fakes
recipes,https://www.truegritin.com/recipes/greek-semolina-olive-oil-cake
recipes,https://www.truegritin.com/recipes/greek-sesame-pasteli-bars
recipes,https://www.truegritin.com/recipes/greek-trahana-daliya-soup
recipes,https://www.truegritin.com/recipes/greek-wheat-berry-kolyva-salad
recipes,https://www.truegritin.com/recipes/hungarian-lentil-goulash-style-stew
recipes,https://www.truegritin.com/recipes/indonesian-gado-gado-sesame-peanut-sauce
recipes,https://www.truegritin.com/recipes/indonesian-lentil-sambal-style-stew
recipes,https://www.truegritin.com/recipes/iraqi-lentil-tashreeb-style-stew
recipes,https://www.truegritin.com/recipes/irish-daliya-soda-farls
recipes,https://www.truegritin.com/recipes/israeli-red-lentil-shakshuka
recipes,https://www.truegritin.com/recipes/israeli-sesame-couscous-style-daliya
recipes,https://www.truegritin.com/recipes/italian-lentil-soup-with-pasta
recipes,https://www.truegritin.com/recipes/italian-sesame-taralli-rings
recipes,https://www.truegritin.com/recipes/japanese-goma-dofu-sesame-tofu
recipes,https://www.truegritin.com/recipes/japanese-sesame-miso-daliya-donburi
recipes,https://www.truegritin.com/recipes/japanese-sesame-spinach-ohitashi
recipes,https://www.truegritin.com/recipes/kenyan-sesame-daliya-ugali-style
recipes,https://www.truegritin.com/recipes/korean-sesame-daliya-bibimbap
recipes,https://www.truegritin.com/recipes/korean-sesame-lettuce-wraps
recipes,https://www.truegritin.com/recipes/korean-sesame-oil-japchae
recipes,https://www.truegritin.com/recipes/lebanese-red-lentil-soup
recipes,https://www.truegritin.com/recipes/lebanese-sesame-tahini-sauce
recipes,https://www.truegritin.com/recipes/levantine-fattoush-with-flax-crisps
recipes,https://www.truegritin.com/recipes/levantine-lentil-mujadara
recipes,https://www.truegritin.com/recipes/malaysian-sesame-flax-satay-marinade
recipes,https://www.truegritin.com/recipes/mexican-red-lentil-tostadas
recipes,https://www.truegritin.com/recipes/mexican-vermicelli-fideo-seco
recipes,https://www.truegritin.com/recipes/moroccan-daliya-couscous-style
recipes,https://www.truegritin.com/recipes/moroccan-field-pea-lentil-stew
recipes,https://www.truegritin.com/recipes/moroccan-mint-tea-style-sesame-cookies
recipes,https://www.truegritin.com/recipes/moroccan-sesame-almond-briouat-filling
recipes,https://www.truegritin.com/recipes/moroccan-sesame-seed-bread-khobz
recipes,https://www.truegritin.com/recipes/nigerian-sesame-daliya-moin-moin-style
recipes,https://www.truegritin.com/recipes/nordic-emmer-flax-porridge
recipes,https://www.truegritin.com/recipes/persian-daliya-adas-polo-style
recipes,https://www.truegritin.com/recipes/persian-lentil-ash-style-soup
recipes,https://www.truegritin.com/recipes/persian-sesame-halva-ardeh
recipes,https://www.truegritin.com/recipes/peruvian-lentil-sesame-anticucho-marinade
recipes,https://www.truegritin.com/recipes/polish-buckwheat-style-daliya-groats
recipes,https://www.truegritin.com/recipes/portuguese-lentil-rice-soup
recipes,https://www.truegritin.com/recipes/roasted-sesame-tahini
recipes,https://www.truegritin.com/recipes/romanian-lentil-mamaliga-style-bowl
recipes,https://www.truegritin.com/recipes/russian-buckwheat-style-daliya-kasha
recipes,https://www.truegritin.com/recipes/scottish-style-daliya-porridge-savoury
recipes,https://www.truegritin.com/recipes/seeded-flaxseed-crackers
recipes,https://www.truegritin.com/recipes/semolina-gnocchi-alla-romana
recipes,https://www.truegritin.com/recipes/senegalese-sesame-daliya-thiebou-style
recipes,https://www.truegritin.com/recipes/sesame-chilli-salsa-macha
recipes,https://www.truegritin.com/recipes/spanish-chickpea-free-pea-stew
recipes,https://www.truegritin.com/recipes/spanish-daliya-tortilla-style-bake
recipes,https://www.truegritin.com/recipes/spanish-picada-sesame-almond
recipes,https://www.truegritin.com/recipes/sri-lankan-sesame-daliya-coconut-mallum
recipes,https://www.truegritin.com/recipes/swedish-rye-style-sesame-crispbread
recipes,https://www.truegritin.com/recipes/thai-red-lentil-coconut-curry
recipes,https://www.truegritin.com/recipes/thai-sesame-cucumber-salad
recipes,https://www.truegritin.com/recipes/turkish-lentil-koftesi
recipes,https://www.truegritin.com/recipes/turkish-sesame-halva-blocks
recipes,https://www.truegritin.com/recipes/turkish-sesame-simit-rings
recipes,https://www.truegritin.com/recipes/turkish-tarhana-style-soup
recipes,https://www.truegritin.com/recipes/ukrainian-sesame-daliya-varenyky-filling
recipes,https://www.truegritin.com/recipes/uzbek-sesame-daliya-plov-style
recipes,https://www.truegritin.com/recipes/vietnamese-daliya-fresh-spring-rolls
recipes,https://www.truegritin.com/recipes/vietnamese-sesame-caramel-daliya
recipes,https://www.truegritin.com/recipes/vietnamese-vermicelli-noodle-salad
recipes,https://www.truegritin.com/recipes/west-african-black-eyed-pea-fritters
recipes,https://www.truegritin.com/recipes/west-african-sesame-peanut-daliya-stew
recipes,https://www.truegritin.com/recipes/aloo-fry-in-mustard-oil
recipes,https://www.truegritin.com/recipes/bengali-style-vegetables-in-mustard-oil
recipes,https://www.truegritin.com/recipes/dal-makhani
recipes,https://www.truegritin.com/recipes/daliya-khichdi-recipe
recipes,https://www.truegritin.com/recipes/flavoured-sattu-cooler
recipes,https://www.truegritin.com/recipes/flax-ladoo
recipes,https://www.truegritin.com/recipes/flaxseed-chutney-recipe
recipes,https://www.truegritin.com/recipes/flaxseed-ladoo-recipe
recipes,https://www.truegritin.com/recipes/flaxseed-paratha-recipe
recipes,https://www.truegritin.com/recipes/garlic-sesame-whole-wheat-pasta
recipes,https://www.truegritin.com/recipes/ghugni-recipe
recipes,https://www.truegritin.com/recipes/how-to-make-perfect-suji-halwa
recipes,https://www.truegritin.com/recipes/how-to-make-vermicelli-upma
recipes,https://www.truegritin.com/recipes/indian-masala-pasta-using-traditional-wheat
recipes,https://www.truegritin.com/recipes/masoor-chilla
recipes,https://www.truegritin.com/recipes/masoor-soup-recipe
recipes,https://www.truegritin.com/recipes/mustard-oil-pickle-recipe
recipes,https://www.truegritin.com/recipes/mustard-oil-vegetable-pasta
recipes,https://www.truegritin.com/recipes/sattu-paratha
recipes,https://www.truegritin.com/recipes/savoury-vegetable-daliya-recipe
recipes,https://www.truegritin.com/recipes/sesame-paratha-recipe
recipes,https://www.truegritin.com/recipes/sesame-vegetable-stir-fry
recipes,https://www.truegritin.com/recipes/simple-masoor-dal-recipe
recipes,https://www.truegritin.com/recipes/suji-cheela-recipe
recipes,https://www.truegritin.com/recipes/suji-snacks
recipes,https://www.truegritin.com/recipes/suji-upma
recipes,https://www.truegritin.com/recipes/sweet-milk-daliya-recipe
recipes,https://www.truegritin.com/recipes/sweet-milk-seviyan-recipe
recipes,https://www.truegritin.com/recipes/til-chikki-recipe
recipes,https://www.truegritin.com/recipes/til-chutney-recipe
recipes,https://www.truegritin.com/recipes/til-ladoo
recipes,https://www.truegritin.com/recipes/til-ladoo-recipe
recipes,https://www.truegritin.com/recipes/traditional-achaar-using-mustard-oil
recipes,https://www.truegritin.com/recipes/traditional-sattu-drink
recipes,https://www.truegritin.com/recipes/traditional-seviyan-recipe
recipes,https://www.truegritin.com/recipes/traditional-upma-recipe
recipes,https://www.truegritin.com/recipes/urad-chilla
recipes,https://www.truegritin.com/recipes/urad-dal
recipes,https://www.truegritin.com/recipes/urad-vada
recipes,https://www.truegritin.com/recipes/vegetable-daliya
recipes,https://www.truegritin.com/recipes/vegetable-vermicelli-recipe
recipes,https://www.truegritin.com/recipes/wheat-vermicelli-upma
recipes,https://www.truegritin.com/recipes/white-pea-chaat
recipes,https://www.truegritin.com/recipes/white-pea-chaat-recipe
recipes,https://www.truegritin.com/recipes/white-pea-curry
recipes,https://www.truegritin.com/recipes/white-pea-curry-recipe
recipes,https://www.truegritin.com/recipes/whole-masoor-curry-2
recipes,https://www.truegritin.com/recipes/whole-wheat-pasta
farms,https://www.truegritin.com/farms/bagi-farm-i
farms,https://www.truegritin.com/farms/bagi-farm-ii
farms,https://www.truegritin.com/farms/khutmili-farm-i
farms,https://www.truegritin.com/farms/khutmili-farm-ii
farms,https://www.truegritin.com/farms/najirpur-farm-i
farms,https://www.truegritin.com/farms/najirpur-farm-ii
farms,https://www.truegritin.com/farms/sajerah-farm-i
farms,https://www.truegritin.com/farms/sajerah-farm-ii
discussions,https://www.truegritin.com/community/dsc_truegrit_030
discussions,https://www.truegritin.com/community/dsc_truegrit_029
discussions,https://www.truegritin.com/community/dsc_truegrit_028
discussions,https://www.truegritin.com/community/dsc_truegrit_027
discussions,https://www.truegritin.com/community/dsc_truegrit_026
discussions,https://www.truegritin.com/community/dsc_truegrit_025
discussions,https://www.truegritin.com/community/dsc_truegrit_024
discussions,https://www.truegritin.com/community/dsc_truegrit_023
discussions,https://www.truegritin.com/community/dsc_truegrit_022
discussions,https://www.truegritin.com/community/dsc_truegrit_021
discussions,https://www.truegritin.com/community/dsc_truegrit_020
discussions,https://www.truegritin.com/community/dsc_truegrit_019
discussions,https://www.truegritin.com/community/dsc_truegrit_018
discussions,https://www.truegritin.com/community/dsc_truegrit_017
discussions,https://www.truegritin.com/community/dsc_truegrit_016
discussions,https://www.truegritin.com/community/dsc_truegrit_015
discussions,https://www.truegritin.com/community/dsc_truegrit_014
discussions,https://www.truegritin.com/community/dsc_truegrit_013
discussions,https://www.truegritin.com/community/dsc_truegrit_012
discussions,https://www.truegritin.com/community/dsc_truegrit_011
discussions,https://www.truegritin.com/community/dsc_truegrit_010
discussions,https://www.truegritin.com/community/dsc_truegrit_009
discussions,https://www.truegritin.com/community/dsc_truegrit_008
discussions,https://www.truegritin.com/community/dsc_truegrit_007
discussions,https://www.truegritin.com/community/dsc_truegrit_006
discussions,https://www.truegritin.com/community/dsc_truegrit_005
discussions,https://www.truegritin.com/community/dsc_truegrit_004
discussions,https://www.truegritin.com/community/dsc_truegrit_003
discussions,https://www.truegritin.com/community/dsc_truegrit_002
discussions,https://www.truegritin.com/community/dsc_truegrit_001
